Joahn,Doel,joahndoe1@example.com,testuser2,Test!123
Jane,Smith,janesmith1@example.com,Demoaccou1,Demo$Pass2022
Alice,Johnson,alicejohnson1@example.com,user1234%,Secure#Pwd567
Bob,Miller,bobmiller1@example.com,trialuse1,Test$Pass789
Charlie,Brown,charliebrown1@example.com,awesom1,Awesome!12345
Eva,Clark,evaclark1@example.com,dummyuse1,Dummy$Pass456
David,Williams,davidwilliams1@example.com,explorer1,Explore$Test789
Olivia,Jones,oliviajones1@example.com,betauser11,Beta$UserPass!33
Michael,Smith,michaelsmith1@example.com,verif1,Verify$Pass2022
Sophie,Anderson,sophieanderson1@example.com,happytes1,Happy$Testing!333
Alex,White,alexwhite1@example.com,techtes1,Tech$Pass123
Emma,Taylor,emataylor1@example.com,qualit1,Quality!123
Daniel,Baker,danielbaker1@example.com,trialac1,Trial$Pass456
Oliver,Hall,oliverhall1@example.com,email1,Email!Test789
Mia,Wilson,miawilson1@example.com,secureu1,Secure$User2022
Sophia,Moore,sophiamoore1@example.com,happ1,Happy$Testing!33
Liam,Carter,liamcarter1@example.com,User4561,User$Pass1233
Ava,Martin,avamartin1@example.com,testaccO1,Test$12345
Lucas,Harris,lucasharris1@example.com,betauser41,Beta$UserPass!333
Ella,Cooper,ellacooper1@example.com,securet%1,Secure$Test2022
Jackson,Fisher,jacksonfisher1@example.com,quality1,Quality!Test123
Isabella,Clark,isabellaclark1@example.com,explor12,Explore$Test789
Leo,Ward,leoward1@example.com,dummyus21,Dummy#Pass456
Oliver,Adams,oliveradams1@example.com,prodtest1,Prod#Test2023
Liam,Grey,liamgrey1@example.com,verifyus1,Verify#Test2022
Zoe,Turner,zoeturner1@example.com,techeng1,Tech#Engineer123
Ethan,Williams,ethanwilliams1@example.com,qauser!1,QA#Tester2022
Luna,Knight,lunaknight1@example.com,happyt1,Happy#TestUser123
